Data,Urgencias_SUS
2021-01-01,64102
2021-02-01,78507
2021-03-01,74813
2021-04-01,75915
2021-05-01,85845
2021-06-01,80077
2021-07-01,81740
2021-08-01,93410
2021-09-01,84637
2021-10-01,83898
2021-11-01,97087
2021-12-01,69834
2022-01-01,71223
2022-02-01,107384
2022-03-01,92594
2022-04-01,75871
2022-05-01,99983
2022-06-01,86307
2022-07-01,91518
2022-08-01,104472
2022-09-01,97450
2022-10-01,97300
2022-11-01,93187
2022-12-01,82761
2023-01-01,94998
2023-02-01,90100
2023-03-01,108244
2023-04-01,96457
2023-05-01,117226
2023-06-01,100463
2023-07-01,110279
2023-08-01,115287
2023-09-01,97760
2023-10-01,104018
2023-11-01,121200
2023-12-01,90143
2024-01-01,95592
2024-02-01,105813
2024-03-01,109763
2024-04-01,118693
2024-05-01,120296
2024-06-01,109329
2024-07-01,122043
2024-08-01,128326
2024-09-01,123340
2024-10-01,113845
2024-11-01,104601
2024-12-01,83379
2025-01-01,96370
2025-02-01,102731
2025-03-01,112812
2025-04-01,114239
2025-05-01,106265
2025-06-01,96493
2025-07-01,125405
2025-08-01,114977
2025-09-01,120202
2025-10-01,116736
2025-11-01,113275
2025-12-01,96000
2026-01-01,100871
2026-02-01,98803
2026-03-01,115111
2026-04-01,108093
2026-05-01,104051
2026-06-01,94570
2026-07-01,105955